id,date,sale,city
100,28-10-2023,4002,Suva
101,29-08-2023,5983,Alor Star
102,15-10-2023,6643,Adak
103,03-10-2023,5027,Palikir
104,19-10-2023,3667,Mexicali
105,25-10-2023,5517,Alofi
106,01-09-2023,8122,Anadyr (town)
107,04-10-2023,5903,Kaliningrad
108,13-09-2023,8063,Lahore
109,02-10-2023,6885,Rome
110,17-09-2023,8986,Tirana
111,10-09-2023,8616,Nanning
112,25-09-2023,8863,Brasília
113,06-10-2023,6147,Tashkent
114,09-10-2023,3080,Mogadishu
115,10-09-2023,5339,Adamstown
116,31-08-2023,4842,Pretoria
117,04-10-2023,4245,Hamilton
118,10-10-2023,5509,Canberra
119,31-08-2023,9974,Islamabad
120,04-09-2023,9808,Medan
121,27-09-2023,4413,Iqaluit
122,01-09-2023,7900,New Delhi
123,03-10-2023,5378,Monterrey
124,24-09-2023,4257,Mecca
125,03-10-2023,7016,Manzini
126,21-10-2023,5732,Malabo
127,02-10-2023,3142,Bursa
128,15-10-2023,2403,Darwin
129,06-09-2023,4338,Vilnius
130,02-11-2023,7953,Jayapura
131,17-10-2023,6940,Kaohsiung
132,29-08-2023,6759,Kiev
133,11-10-2023,7365,Portland
134,03-10-2023,4286,Ipoh
135,09-10-2023,7518,Ambon
136,19-10-2023,6744,Dar es Salaam
137,24-09-2023,3897,Stepanakert
138,28-10-2023,2422,Dublin
139,30-08-2023,3606,Bucharest
140,08-10-2023,7083,Bangalore
141,19-10-2023,6001,Managua
142,04-11-2023,3030,Algiers
143,12-10-2023,7191,Johor Bahru
144,05-10-2023,4512,Córdoba
145,01-11-2023,4650,Leeds
146,03-10-2023,2655,Kinshasa
147,31-08-2023,2638,Las Palmas de Gran Canaria
148,01-09-2023,5467,Split (city)
149,13-10-2023,8298,San Salvador
150,29-08-2023,6033,Ludhiana
151,20-09-2023,4740,Lagos
152,23-09-2023,9053,El Aaiún
153,18-09-2023,3856,Budapest
154,15-09-2023,9869,Bilbao
155,17-10-2023,5258,Port of Spain
156,02-10-2023,9209,Rio de Janeiro
157,13-09-2023,7025,Nakhon Ratchasima
158,14-09-2023,7790,Colombo
159,27-08-2023,8602,Osaka
160,05-10-2023,2480,Malé
161,04-10-2023,8303,Sukhumi
162,10-11-2023,6582,Basse-Terre
163,12-10-2023,4293,Ibadan
164,14-09-2023,7704,Oranjestad
165,05-10-2023,7868,Kingston
166,25-10-2023,8930,Brazzaville
167,12-10-2023,3186,Iquique
168,26-10-2023,8111,Chişinău
169,04-10-2023,6273,Santiago
170,12-10-2023,2265,Adelaide
171,03-11-2023,8310,Auckland
172,15-09-2023,8826,Oklahoma City
173,24-10-2023,5814,Baltimore
174,22-10-2023,7970,Santiago
175,06-11-2023,5691,Canberra
176,28-08-2023,9269,Malmö
177,15-10-2023,3603,Riyadh
178,28-10-2023,8698,Kaesong
179,04-10-2023,4283,Srinagar
180,11-10-2023,7856,Phuket (city)
181,30-09-2023,3693,Port Elizabeth
182,10-10-2023,3460,Barcelona
183,03-09-2023,5282,Bishkek
184,06-09-2023,4847,Leeds
185,08-09-2023,2250,Cayenne
186,21-09-2023,8749,Virginia Beach
187,01-10-2023,8833,Nanning
188,13-10-2023,4251,Monterrey
189,09-11-2023,6845,Córdoba
190,02-10-2023,7946,Belém
191,21-10-2023,6561,Birkirkara
192,10-09-2023,4876,Doha
193,28-09-2023,8883,Brazzaville
194,06-10-2023,2496,Damascus
195,30-10-2023,6287,Canberra
196,09-09-2023,4020,Singapore
197,01-11-2023,8545,Edinburgh
198,31-08-2023,3377,Manila
199,16-09-2023,6412,Colombo
200,28-08-2023,3242,Monrovia
201,01-11-2023,7002,Santiago
202,01-11-2023,10000,St. Louis
203,18-10-2023,6929,Washington
204,02-11-2023,2541,Rochester
205,01-10-2023,9828,Santiago
206,30-08-2023,6587,Athens
207,03-11-2023,5289,Kolkata
208,09-10-2023,5131,Quebec City
209,12-10-2023,5516,Bissau
210,23-10-2023,7763,Prague
211,17-09-2023,4630,Pretoria
212,05-09-2023,6457,Denpasar
213,28-08-2023,3666,Yaren District
214,08-10-2023,8661,Lima
215,21-09-2023,2459,Xining
216,07-11-2023,2858,Ndola
217,20-10-2023,6223,Agartala
218,04-09-2023,5276,Kansas City
219,01-09-2023,7572,Forked River
220,10-10-2023,8543,Belém
221,28-10-2023,6519,Kingstown
222,10-11-2023,6358,Brikama
223,05-09-2023,8930,Gothenburg
224,19-09-2023,6896,Mendoza
225,21-09-2023,4756,Dededo
226,27-10-2023,7733,Cairo
227,08-09-2023,3883,Rio de Janeiro
228,07-10-2023,5541,Yellowknife
229,08-11-2023,7536,Tucson
230,28-08-2023,8752,Fredericton
231,08-09-2023,9974,Nukuʻalofa
232,17-10-2023,3949,St. Louis
233,10-10-2023,2718,Vientiane
234,04-11-2023,6485,Sana'a
235,07-11-2023,2973,New Delhi
236,10-10-2023,7420,Lahore
237,04-10-2023,3606,Edmonton
238,07-11-2023,9180,Melekeok
239,19-10-2023,7442,Brikama
240,02-11-2023,4261,Mecca
241,30-10-2023,4719,Yangon
242,08-09-2023,7580,Toronto
243,07-11-2023,8259,Oslo
244,19-09-2023,5660,Milwaukee
245,09-11-2023,3734,Naypyidaw
246,08-10-2023,3016,Yogyakarta (city)
247,11-10-2023,7323,Lagos
248,25-09-2023,7540,Hanover
249,12-09-2023,3989,Boston
250,03-11-2023,7610,Kawasaki
251,21-09-2023,8509,Sydney
252,17-10-2023,5068,Anadyr (town)
253,04-11-2023,5532,Greenwich
254,16-09-2023,7472,Cuiabá
255,22-09-2023,7267,Harbin
256,28-09-2023,2498,Memphis
257,13-09-2023,8515,Papeete
258,04-11-2023,9539,Longyearbyen
259,12-09-2023,6929,Vatican City
260,07-11-2023,3127,Málaga
261,03-10-2023,6610,Kuala Lumpur
262,27-09-2023,8485,Tampa
263,18-10-2023,5368,Kolkata
264,06-11-2023,2269,Saint John
265,26-10-2023,2280,Malang
266,23-10-2023,3298,Nakhon Ratchasima
267,06-09-2023,3536,Stepanakert
268,06-10-2023,6871,Puebla
269,20-09-2023,8590,Namangan
270,09-09-2023,3196,Skopje
271,16-10-2023,3734,Tskhinvali
272,12-10-2023,8886,Las Palmas de Gran Canaria
273,10-10-2023,4305,Xining
274,15-09-2023,5392,Adelaide
275,04-10-2023,5118,South Tarawa
276,01-09-2023,5325,Munich
277,14-10-2023,3388,Djibouti (city)
278,17-09-2023,7978,Lagos
279,18-09-2023,2669,Invercargill
280,05-09-2023,3671,Guwahati
281,27-09-2023,6544,Brisbane
282,31-10-2023,8087,Regina
283,25-10-2023,9647,Tijuana
284,27-10-2023,7866,Chicago
285,30-09-2023,6810,Córdoba
286,17-10-2023,2187,Accra
287,09-10-2023,9618,Belfast
288,16-10-2023,6948,Addis Ababa
289,03-11-2023,9515,Punta Arenas
290,07-09-2023,4407,Ho Chi Minh City
291,08-10-2023,3561,Suva
292,22-09-2023,4881,Samara
293,17-09-2023,7657,Phnom Penh
294,30-10-2023,5496,Francistown
295,29-10-2023,6072,Amritsar
296,02-09-2023,3547,Longyearbyen
297,13-10-2023,8138,Ürümqi
298,15-09-2023,9277,Okinawa
299,29-09-2023,8564,Port Elizabeth
300,02-09-2023,8328,Auckland
301,30-09-2023,9954,Pittsburgh
302,15-09-2023,6079,Wellington
303,16-09-2023,4321,Leeds
304,28-08-2023,3965,Davao City
305,22-09-2023,5056,Bangkok
306,13-10-2023,7080,Kanpur
307,29-09-2023,8527,Chittagong
308,04-10-2023,2548,Vladivostok
309,30-08-2023,8868,Rabi Island
310,13-09-2023,9072,Antwerp
311,16-10-2023,3653,Campo Grande
312,27-09-2023,4464,Guatemala City
313,15-10-2023,6911,Edinburgh
314,16-10-2023,3692,Monterrey
315,30-09-2023,4560,Quezon City
316,01-09-2023,7796,Lomé
317,11-09-2023,6958,Quito
318,31-08-2023,7673,Gothenburg
319,05-11-2023,4137,Maracaibo
320,07-11-2023,5078,Yerevan
321,05-10-2023,4403,Cuiabá
322,28-09-2023,8382,Nairobi
323,19-10-2023,4033,Washington
324,02-09-2023,7340,Calgary
325,19-10-2023,4760,Chiang Mai
326,03-11-2023,7874,Harbin
327,13-09-2023,6520,Luxor
328,15-10-2023,7088,Cape Town
329,24-09-2023,4196,Raleigh
330,15-09-2023,2424,Chicago
331,30-10-2023,8108,Monrovia
332,28-10-2023,3368,Wuhan
333,03-10-2023,6904,Kaohsiung
334,18-10-2023,4366,Dar es Salaam
335,27-08-2023,2435,Sofia
336,20-10-2023,5697,Hobart
337,08-11-2023,8155,Ambon
338,09-10-2023,9713,Kanpur
339,19-09-2023,2058,Casablanca
340,12-10-2023,3422,Mashhad
341,23-10-2023,7450,Porto Alegre
342,13-10-2023,4834,Ilhéus
343,09-11-2023,2334,Porto-Novo
344,12-10-2023,5734,Manzini
345,06-09-2023,7330,Papeete
346,11-09-2023,3178,Lubumbashi
347,29-09-2023,8862,Adelaide
348,07-11-2023,2792,Dubai
349,08-11-2023,9294,Buenos Aires
350,06-09-2023,4754,Rabi Island
351,18-10-2023,7667,Okinawa
352,28-09-2023,7885,Raleigh
353,15-10-2023,5569,Bilbao
354,29-08-2023,5195,Nouakchott
355,01-11-2023,9044,Tunis
356,08-09-2023,6778,Tucson
357,09-11-2023,7059,Palembang
358,17-10-2023,8293,Saipan
359,03-10-2023,5775,Greenwich
360,29-10-2023,8276,Beirut
361,07-11-2023,2465,Kuching
362,04-09-2023,6597,El Paso
363,30-09-2023,2151,Castries
364,29-10-2023,7441,Lobamba
365,01-09-2023,5196,Valdivia
366,26-10-2023,6406,Khartoum
367,24-09-2023,3517,Turin
368,23-09-2023,2641,Albuquerque
369,29-08-2023,3239,Chuí
370,10-11-2023,2563,Apia
371,05-09-2023,3541,Wuhan
372,08-11-2023,9415,Banjul
373,14-09-2023,4673,Tripoli
374,08-09-2023,6021,Nukus
375,18-09-2023,2229,Marseille
376,10-10-2023,2091,Miami
377,05-10-2023,6260,Belize City
378,11-10-2023,8143,Chittagong
379,03-11-2023,8174,Durango
380,01-11-2023,6850,Wonsan
381,07-11-2023,3121,Hong Kong
382,26-09-2023,6402,Denpasar
383,10-09-2023,2992,Port Louis
384,03-09-2023,3485,Berlin
385,09-09-2023,6068,Quito
386,06-11-2023,2632,Damascus
387,31-10-2023,5627,Bogotá
388,05-09-2023,8640,Surat Thani
389,08-11-2023,4650,Kolkata
390,04-10-2023,2744,Kansas City
391,28-09-2023,2754,St. John's
392,29-08-2023,2817,Rochester
393,13-10-2023,5194,London
394,25-09-2023,9866,Kaohsiung
395,12-10-2023,9267,Sarajevo
396,10-10-2023,2958,Casablanca
397,03-11-2023,2567,Omsk
398,29-08-2023,5582,Tiraspol
399,18-09-2023,4049,Srinagar
400,04-09-2023,5214,Medan
401,02-09-2023,8701,Ljubljana
402,22-10-2023,8703,Baku
403,02-10-2023,5572,Kota Bharu
404,13-09-2023,9059,Podgorica
405,20-09-2023,8803,Gaza
406,21-10-2023,8579,Malacca Town
407,09-09-2023,8328,Davao City
408,27-10-2023,2756,Leipzig
409,13-09-2023,6854,Labasa
410,20-09-2023,4843,Enugu
411,19-10-2023,5144,Calgary
412,07-11-2023,8769,Porto
413,09-09-2023,7377,Malang
414,04-11-2023,3201,Moscow
415,19-10-2023,9441,Lomé
416,01-09-2023,6332,Shillong
417,02-09-2023,5885,Kathmandu
418,13-10-2023,8955,Sucre
419,09-11-2023,9342,Pago Pago
420,04-09-2023,2757,Hat Yai
421,05-09-2023,3700,Kingston
422,29-08-2023,6427,Amman
423,16-10-2023,6541,Pittsburgh
424,23-09-2023,7594,Johor Bahru
425,28-08-2023,6749,Weno
426,17-09-2023,3964,Aberdeen
427,21-10-2023,2145,Sofia
428,03-10-2023,3206,Jerusalem
429,10-09-2023,6998,Porto Alegre
430,18-10-2023,6898,Kathmandu
431,29-08-2023,6700,Casablanca
432,29-09-2023,3656,Tórshavn
433,11-10-2023,9716,Malé
434,11-10-2023,4830,Rawalpindi
435,13-09-2023,3640,Prague
436,31-10-2023,9690,Liverpool
437,04-09-2023,3061,Valencia
438,04-10-2023,2896,Chennai
439,10-09-2023,4047,Sarajevo
440,14-09-2023,9098,Rockhampton
441,09-11-2023,8332,London
442,28-08-2023,7605,Frankfurt
443,04-09-2023,2627,Cairo
444,31-10-2023,2466,Yakutsk
445,02-09-2023,2374,Fairbanks
446,06-09-2023,7174,Libreville
447,27-09-2023,6000,Porto Alegre
448,03-10-2023,3102,Kinshasa
449,11-09-2023,3892,Kota Kinabalu
450,28-09-2023,3259,Agartala
451,16-09-2023,3453,Adak
452,10-09-2023,9273,Ilhéus
453,05-11-2023,8262,Hiroshima
454,09-09-2023,3180,Cleveland
455,02-10-2023,7654,Charlotte
456,05-11-2023,8490,Fredericton
457,17-10-2023,9926,San Salvador
458,03-10-2023,7592,Brisbane
459,25-10-2023,7748,Wollongong
460,10-09-2023,5358,El Paso
461,12-10-2023,7835,Jamestown
462,27-10-2023,2275,Praia
463,09-11-2023,7557,Minneapolis
464,24-10-2023,3318,Seattle
465,08-11-2023,9556,Managua
466,17-09-2023,5819,Rome
467,28-08-2023,9571,Phnom Penh
468,01-10-2023,9824,Busan
469,14-10-2023,7461,Chongjin
470,02-11-2023,4059,Chihuahua
471,23-09-2023,8585,San Carlos de Bariloche
472,04-11-2023,9305,Townsville
473,12-09-2023,2815,Funafuti
474,16-09-2023,9839,Rawalpindi
475,01-10-2023,7564,Zamboanga City
476,17-10-2023,2271,Rio Branco
477,28-10-2023,6147,Townsville
478,24-09-2023,5645,Tucson
479,18-09-2023,2529,Manaus
480,02-11-2023,7937,Pune
481,24-10-2023,2020,Nanjing
482,24-10-2023,7027,Guatemala City
483,01-11-2023,2685,Ankara
484,19-09-2023,5787,Niamey
485,09-10-2023,2786,Ulan Bator
486,27-10-2023,7416,Las Palmas de Gran Canaria
487,29-08-2023,2756,Punta Arenas
488,30-09-2023,9146,Geelong
489,22-09-2023,7366,Oslo
490,06-10-2023,7026,Cape Town
491,17-10-2023,3641,Port Hedland
492,28-09-2023,8531,Shenyang
493,20-10-2023,2762,Veracruz
494,10-10-2023,9395,Hagåtña
495,30-08-2023,7802,Dunedin
496,07-09-2023,6703,Hong Kong
497,10-11-2023,8592,Xining
498,26-09-2023,4763,Geneva
499,22-09-2023,6111,Port Moresby
500,02-11-2023,6203,Gibraltar
501,31-10-2023,3318,Kota Bharu
502,13-09-2023,6986,Yokohama
503,02-10-2023,3475,Cairo
504,29-10-2023,5542,The Hague
505,16-09-2023,9081,Rawalpindi
506,12-10-2023,8878,Puebla
507,04-11-2023,8346,Ibiza
508,11-09-2023,5953,Gaborone
509,15-09-2023,7688,Sucre
510,04-09-2023,4102,Roseau
511,04-10-2023,6556,Caracas
512,05-10-2023,8740,Sarajevo
513,06-10-2023,9212,Assis
514,03-10-2023,4938,Ljubljana
515,28-09-2023,4127,Baku
516,13-10-2023,8366,Batticaloa
517,22-09-2023,7057,Birmingham
518,31-10-2023,3750,Oklahoma City
519,05-09-2023,7112,Albuquerque
520,28-08-2023,7827,Mbabane
521,17-09-2023,6112,Fort-de-France
522,15-09-2023,7329,Turin
523,09-10-2023,5824,Belize City
524,18-10-2023,9877,Sofia
525,29-08-2023,9759,Zanzibar City
526,27-09-2023,6779,Phoenix
527,25-09-2023,8765,Córdoba
528,12-10-2023,3948,Koror
529,25-10-2023,2234,Konya
530,20-10-2023,2795,Gangtok
531,12-10-2023,8306,Kraków
532,28-10-2023,3363,Douglas
533,13-10-2023,4806,Serekunda
534,18-10-2023,2894,Valparaíso
535,14-09-2023,6418,Hobart
536,16-10-2023,9905,Quito
537,28-08-2023,5799,Yangon
538,10-09-2023,3535,Seoul
539,06-11-2023,6626,Bursa
540,14-10-2023,3532,Belmopan
541,21-10-2023,3244,Podgorica
542,13-09-2023,8429,Harbin
543,08-11-2023,6169,Brazzaville
544,20-10-2023,8776,Kinshasa
545,06-09-2023,9776,Detroit
546,15-09-2023,4496,Islamabad
547,01-11-2023,6582,Ho Chi Minh City
548,04-11-2023,8858,Moroni
549,04-09-2023,6857,Adana
550,20-09-2023,8119,Padang
551,29-08-2023,5432,Anadyr (town)
552,09-10-2023,8085,Pago Pago
553,31-10-2023,6669,Ouagadougou
554,02-11-2023,3860,Malang
555,07-09-2023,2079,Pretoria
556,19-09-2023,5432,Juneau
557,22-10-2023,4128,Muscat
558,26-09-2023,8733,Da Nang
559,27-08-2023,7583,Tegucigalpa
560,18-09-2023,8474,Hiroshima
561,27-09-2023,5841,Omsk
562,03-09-2023,7263,Padang
563,08-11-2023,8834,Shigatse
564,21-09-2023,8360,Tokyo
565,08-09-2023,4201,Istanbul
566,22-10-2023,9467,Aarhus
567,25-10-2023,3147,Bulawayo
568,25-09-2023,7473,Ciudad del Este
569,22-10-2023,2660,Suva
570,01-11-2023,2641,Invercargill
571,23-10-2023,6478,Livingstone
572,05-10-2023,2394,Maceió
573,03-09-2023,5647,Port Said
574,29-08-2023,4438,Porto
575,17-10-2023,5053,Dublin
576,21-10-2023,5076,Suez
577,01-10-2023,9809,Chuí
578,22-09-2023,6021,Puebla
579,07-11-2023,9766,Port of Spain
580,18-10-2023,9224,Cardiff
581,24-09-2023,6446,St. Louis
582,31-08-2023,6022,Tiraspol
583,08-11-2023,6654,Calgary
584,20-09-2023,8688,La Paz
585,03-09-2023,7800,Recife
586,29-08-2023,7020,Novosibirsk
587,21-09-2023,7474,Vancouver
588,18-09-2023,2062,Campinas
589,26-09-2023,7784,Melekeok
590,29-10-2023,8336,Kota Kinabalu
591,29-10-2023,9368,Cork (city)
592,08-10-2023,8031,Omdurman
593,09-11-2023,7117,Stepanakert
594,25-10-2023,3449,Lima
595,06-09-2023,5781,Birkirkara
596,05-09-2023,4195,Changchun
597,09-10-2023,9198,Innsbruck
598,27-09-2023,7134,Ahmedabad
599,24-10-2023,5865,Omdurman
600,22-09-2023,3412,Istanbul
601,09-11-2023,5715,Daegu
602,08-09-2023,7603,Louisville
603,12-09-2023,5935,Wollongong
604,14-09-2023,2162,Santa Cruz de la Sierra
605,16-10-2023,5893,Sana'a
606,17-10-2023,5293,Moroni
607,07-10-2023,2236,Dresden
608,08-10-2023,9608,Xining
609,24-10-2023,7942,Saskatoon
610,23-10-2023,7747,Sabha
611,03-11-2023,8584,Phnom Penh
612,30-09-2023,3137,Zapopan
613,23-09-2023,8163,Kawasaki
614,10-09-2023,4634,Wellington
615,29-10-2023,5282,Pelotas
616,25-10-2023,4325,Padang
617,10-11-2023,2080,Novosibirsk
618,16-10-2023,4724,Thiès
619,12-09-2023,3091,Vitória
620,23-09-2023,6162,Kingston
621,11-09-2023,2444,Omdurman
622,30-09-2023,3457,Francistown
623,14-09-2023,9482,Saint John
624,07-11-2023,4045,Phuket (city)
625,02-10-2023,8772,New York City
626,29-09-2023,4963,Iquique
627,29-09-2023,5406,Bilbao
628,02-09-2023,9471,Dodoma
629,09-09-2023,4041,Dar es Salaam
630,25-10-2023,3562,Baghdad
631,22-10-2023,2336,Ibiza
632,08-09-2023,3329,Mexicali
633,29-09-2023,6086,Srinagar
634,23-09-2023,7908,Forked River
635,05-11-2023,7980,Nukuʻalofa
636,11-10-2023,2188,Padang
637,02-09-2023,4644,Jinan
638,14-09-2023,9823,Cairo
639,21-10-2023,8736,Nanjing
640,02-09-2023,3574,Ambon
641,17-09-2023,4655,Honolulu
642,29-08-2023,6570,Quetzaltenango
643,22-09-2023,5570,Mérida
644,18-09-2023,9112,Kinshasa
645,24-10-2023,6948,Daegu
646,12-09-2023,8779,City of Halifax
647,30-08-2023,8404,Raleigh
648,04-10-2023,3872,Ponta Delgada
649,04-09-2023,5225,Stockholm
650,19-09-2023,4606,Bujumbura
651,23-09-2023,5563,Lanzhou
652,08-10-2023,2601,Konya
653,27-08-2023,5611,Kuwait City
654,28-08-2023,4911,Recife
655,11-09-2023,2949,Nouakchott
656,10-10-2023,4704,Gibraltar
657,10-11-2023,5506,Gothenburg
658,05-10-2023,5252,Iqaluit
659,14-10-2023,9053,Sitka
660,16-09-2023,9757,Sydney
661,01-11-2023,5140,Shigatse
662,09-09-2023,4850,Brasília
663,28-08-2023,9742,Lagos
664,07-11-2023,8048,Nassau
665,16-10-2023,9244,La Paz
666,16-10-2023,8617,Mbabane
667,05-09-2023,8212,Hamilton
668,30-10-2023,4567,St. John's
669,03-09-2023,8039,Virginia Beach
670,13-10-2023,3877,Kabul
671,27-08-2023,5676,Seville
672,09-10-2023,2363,Punta Arenas
673,06-09-2023,8882,Dibrugarh
674,27-09-2023,3247,The Valley
675,28-09-2023,5537,Guadalajara
676,23-10-2023,4130,Honolulu
677,26-10-2023,7838,Bratsk
678,11-10-2023,2464,Reykjavík
679,05-09-2023,9683,Cardiff
680,06-11-2023,8323,Auckland
681,17-09-2023,9429,Lima
682,01-09-2023,2503,Kraków
683,21-10-2023,5667,San Juan
684,24-10-2023,9056,Frankfurt
685,05-09-2023,5192,Vatican City
686,06-11-2023,6898,Prague
687,05-09-2023,8999,Namangan
688,09-10-2023,5629,Raleigh
689,30-10-2023,3751,Memphis
690,09-09-2023,4178,Lyon
691,07-10-2023,7256,Novosibirsk
692,15-09-2023,3317,Doha
693,02-11-2023,3464,Toulouse
694,11-10-2023,9182,Quebec City
695,30-08-2023,2288,Bangui
696,11-10-2023,8072,Hanover
697,13-10-2023,6645,Dibrugarh
698,21-10-2023,2693,Dubai
699,26-09-2023,4651,Moscow
700,06-10-2023,7937,Shillong
701,09-11-2023,5639,Hangzhou
702,22-09-2023,6549,Kabul
703,28-09-2023,7818,Ashgabat
704,01-09-2023,7452,Suva
705,31-10-2023,5044,Fukuoka
706,08-11-2023,4643,Auckland
707,03-09-2023,2734,Tokyo
708,24-10-2023,9635,Vitória
709,06-11-2023,5970,Zapopan
710,02-09-2023,5737,Konya
711,11-10-2023,6717,Paris
712,25-10-2023,7206,Aberdeen
713,22-09-2023,5223,Ilhéus
714,28-10-2023,2041,Zapopan
715,04-11-2023,7489,Lahore
716,16-09-2023,2008,Geneva
717,23-09-2023,2395,Sabha
718,13-09-2023,7698,Christchurch
719,14-10-2023,9999,New Orleans
720,28-09-2023,8288,Wollongong
721,18-09-2023,4264,Split (city)
722,10-09-2023,5935,Adelaide
723,22-09-2023,6260,Willemstad
724,29-10-2023,9202,Athens
725,18-09-2023,3983,Phnom Penh
726,16-09-2023,6494,Dhaka
727,03-10-2023,5334,Boa Vista
728,22-09-2023,9634,Vienna
729,30-08-2023,2004,Newcastle
730,08-11-2023,7715,Santa Cruz de Tenerife
731,14-10-2023,3516,Maracaibo
732,21-09-2023,5116,Dar es Salaam
733,29-08-2023,8843,Split (city)
734,26-09-2023,8137,Saint-Denis
735,14-09-2023,3078,Cannes
736,30-08-2023,8225,Chicago
737,17-10-2023,6843,Peshawar
738,27-08-2023,7276,Douglas
739,04-11-2023,7542,Antwerp
740,23-09-2023,6450,Casablanca
741,11-10-2023,7071,Mumbai
742,15-10-2023,5111,Tunis
743,08-11-2023,7114,Magadan
744,15-10-2023,3610,Chongqing
745,14-10-2023,8109,Havana
746,30-09-2023,8560,San Fernando
747,14-09-2023,7233,Koror
748,15-10-2023,2404,Maceió
749,28-09-2023,2080,Bogotá
750,05-11-2023,4871,Lima
751,20-10-2023,2058,Khartoum
752,28-09-2023,3106,Bangalore
753,30-08-2023,2818,Libreville
754,06-10-2023,2986,Udon Thani
755,30-09-2023,4964,Linz
756,03-11-2023,2920,Zamboanga City
757,07-11-2023,7453,Amman
758,08-10-2023,4875,Mwanza
759,05-11-2023,8529,Sitka
760,01-11-2023,2169,Miri
761,19-09-2023,5150,Sacramento
762,06-10-2023,2379,Changchun
763,17-09-2023,7164,Singapore
764,08-11-2023,4156,Vancouver
765,05-11-2023,8194,Manaus
766,21-10-2023,9452,İzmir
767,29-10-2023,7538,Glasgow
768,08-09-2023,3975,Kansas City
769,28-09-2023,3855,Frankfurt
770,06-09-2023,7364,Luxor
771,06-11-2023,2509,Nukus
772,21-09-2023,8774,Dededo
773,06-09-2023,3966,Marseille
774,10-09-2023,4224,Gold Coast
775,25-10-2023,3812,Hamilton
776,21-09-2023,6982,Zhengzhou
777,22-10-2023,8417,George Town
778,02-09-2023,6894,Koulikoro
779,06-09-2023,5708,Ndola
780,16-10-2023,6419,Pittsburgh
781,16-10-2023,3978,Jinan
782,21-10-2023,6785,Pristina
783,02-10-2023,6041,Odessa
784,23-10-2023,9594,Buenos Aires
785,19-10-2023,5927,Bursa
786,11-09-2023,8503,Calgary
787,28-08-2023,8000,Livingstone
788,20-09-2023,2063,St. Louis
789,02-11-2023,2100,Casablanca
790,10-11-2023,3328,Wichita
791,08-11-2023,6941,Ludhiana
792,12-10-2023,2183,Osaka
793,03-10-2023,2844,Pune
794,16-09-2023,3537,Multan
795,30-09-2023,6116,Jersey City
796,28-10-2023,5820,Pekanbaru
797,24-09-2023,4416,Vientiane
798,23-10-2023,7370,Cotonou
799,16-10-2023,8111,Dibrugarh
800,30-09-2023,7538,Chennai
801,30-09-2023,9796,New Orleans
802,08-10-2023,9843,Nuuk
803,13-09-2023,8445,Denpasar
804,10-10-2023,5743,Helsinki
805,01-09-2023,7597,Campo Grande
806,30-10-2023,8261,Gangtok
807,31-10-2023,6691,Kingston
808,05-09-2023,7150,Thessaloniki
809,15-09-2023,9825,Labasa
810,06-11-2023,5439,Oklahoma City
811,06-11-2023,8807,Bandung
812,30-10-2023,2403,Lobamba
813,25-10-2023,2797,Cincinnati
814,23-09-2023,7436,Nagpur
815,08-09-2023,3302,Medina
816,17-10-2023,9286,Las Vegas
817,15-10-2023,4485,Zamboanga City
818,25-10-2023,2289,São José dos Campos
819,06-10-2023,2866,Udon Thani
820,12-10-2023,8252,Chişinău
821,06-09-2023,3085,Anchorage
822,31-08-2023,4551,Riverside
823,20-10-2023,8236,Kinshasa
824,10-11-2023,7752,Namangan
825,30-10-2023,7360,Manzini
826,29-08-2023,2323,Bandung
827,14-10-2023,5263,Lobamba
828,18-09-2023,7357,Miami
829,30-09-2023,7166,Amsterdam
830,25-10-2023,6036,Nukus
831,06-11-2023,5924,Sri Jayawardenapura-Kotte
832,02-10-2023,2914,Cairo
833,09-11-2023,3741,Melekeok
834,28-08-2023,7951,Riga
835,08-10-2023,4016,Nice
836,24-10-2023,4081,Podgorica
837,11-10-2023,8463,Skopje
838,04-10-2023,9523,Porto Alegre
839,22-10-2023,9201,Amman
840,09-09-2023,3292,Port of Spain
841,05-09-2023,5955,Sabha
842,07-10-2023,6191,Managua
843,05-09-2023,8790,Strasbourg
844,13-09-2023,7428,Blantyre
845,24-10-2023,6528,Kathmandu
846,07-10-2023,3457,Ottawa
847,22-10-2023,2485,Dalian
848,05-10-2023,2301,Sitka
849,27-10-2023,3175,Cayenne
850,05-10-2023,7997,Aarhus
851,31-10-2023,9928,Suez
852,21-10-2023,8457,Yamoussoukro
853,11-10-2023,6080,Yaoundé
854,27-10-2023,4827,Pune
855,03-10-2023,3389,Johannesburg
856,04-09-2023,8322,Jeddah
857,10-10-2023,2146,Regina
858,29-10-2023,4454,Mendoza
859,01-10-2023,6581,Yamoussoukro
860,09-11-2023,2181,Recife
861,09-11-2023,3587,Zagreb
862,07-11-2023,8792,Leeds
863,27-08-2023,6577,Miri
864,15-09-2023,3308,Sydney
865,25-09-2023,2112,Puerto Williams
866,03-10-2023,6021,Kansas City
867,27-09-2023,6525,Espoo
868,07-09-2023,4468,Tegucigalpa
869,28-10-2023,5695,Cotonou
870,06-10-2023,8769,Berlin
871,30-08-2023,7732,Khartoum
872,17-09-2023,2959,Huế
873,22-10-2023,3664,Francistown
874,04-10-2023,3238,Huế
875,15-10-2023,9072,Pretoria
876,19-09-2023,6019,Tehran
877,16-09-2023,4866,Suez
878,15-10-2023,4532,Tampa
879,01-11-2023,5351,Tegucigalpa
880,27-10-2023,3371,Omsk
881,22-09-2023,4406,Saint-Pierre
882,30-09-2023,4081,Djibouti (city)
883,16-09-2023,8206,Santo Domingo
884,12-09-2023,5349,Muscat
885,19-09-2023,5117,Lahore
886,26-10-2023,4385,Belém
887,24-10-2023,7735,Chengdu
888,13-10-2023,2312,Nakhon Ratchasima
889,29-09-2023,9476,Kandy
890,12-10-2023,7856,Hagåtña
891,21-10-2023,5974,Cincinnati
892,29-10-2023,4950,Montreal
893,05-09-2023,6164,Samara
894,09-11-2023,3344,Tartu
895,28-08-2023,8088,Port Blair
896,27-10-2023,8548,Bissau
897,18-10-2023,6264,Omdurman
898,04-09-2023,3387,Asunción
899,25-09-2023,7710,Valletta
900,15-09-2023,5614,Quetzaltenango
901,25-10-2023,5542,Luxor
902,03-10-2023,5628,Split (city)
903,23-10-2023,9689,Nakhon Ratchasima
904,29-09-2023,9395,Strasbourg
905,14-10-2023,7397,Yakutsk
906,29-09-2023,8478,Faisalabad
907,14-09-2023,6483,Munich
908,08-11-2023,8170,Guatemala City
909,25-09-2023,6053,Greenwich
910,12-09-2023,8800,Wuhan
911,07-11-2023,9601,Monaco
912,27-08-2023,5085,Belfast
913,13-09-2023,5187,Vaduz
914,22-09-2023,8187,Djibouti (city)
915,15-09-2023,5004,Padang
916,23-10-2023,8049,Saint-Pierre
917,17-09-2023,7687,Baghdad
918,18-10-2023,2833,Wonsan
919,13-10-2023,2954,Medina
920,16-10-2023,9393,Chicago
921,12-10-2023,4930,Stepanakert
922,05-09-2023,7116,Saint John
923,02-10-2023,7820,Makassar
924,13-10-2023,3775,Ulan Bator
925,26-09-2023,8815,Malang
926,03-10-2023,8907,Kobe
927,26-10-2023,3471,Toulouse
928,19-10-2023,2674,Innsbruck
929,02-09-2023,9671,Chongqing
930,05-11-2023,2865,Naples
931,09-11-2023,3401,Medina
932,09-09-2023,3549,Munich
933,15-09-2023,5301,Prague
934,14-09-2023,7299,Brussels
935,19-09-2023,9824,Nukus
936,07-09-2023,3282,San Fernando
937,01-10-2023,4249,Port Moresby
938,28-08-2023,4574,Ponta Delgada
939,08-10-2023,6097,Iquitos
940,29-10-2023,5823,Cebu City
941,10-09-2023,9153,Nakhon Ratchasima
942,08-11-2023,3367,Ouagadougou
943,03-09-2023,6457,Louisville
944,22-10-2023,8802,Las Palmas de Gran Canaria
945,05-11-2023,8694,Madrid
946,08-11-2023,5804,Valencia
947,31-10-2023,3706,Chengdu
948,04-11-2023,7055,Ankara
949,12-09-2023,5750,Sarajevo
950,10-11-2023,8303,Valletta
951,17-09-2023,3431,Agartala
952,24-09-2023,5361,Abuja
953,01-10-2023,5560,Oslo
954,26-09-2023,2983,Yaoundé
955,02-09-2023,8229,Port of Spain
956,23-10-2023,3189,Tampere
957,20-09-2023,8953,Funafuti
958,21-10-2023,7506,Nanjing
959,05-11-2023,2814,Norilsk
960,28-08-2023,3303,Manchester
961,25-10-2023,3237,Astana
962,24-09-2023,4572,Suez
963,22-10-2023,2323,Lilongwe
964,12-10-2023,8032,Denver
965,30-10-2023,3704,Punta Arenas
966,24-09-2023,2856,Liverpool
967,15-09-2023,2163,Durango
968,27-10-2023,2228,Namangan
969,17-09-2023,9612,Mata-Utu
970,28-08-2023,9452,Harare
971,23-09-2023,2851,Rabat
972,31-08-2023,4640,Jerusalem
973,27-10-2023,9524,Whitehorse
974,29-09-2023,7383,Tbilisi
975,16-09-2023,8738,Freetown
976,08-09-2023,7913,Dili
977,09-10-2023,9789,Chengdu
978,03-09-2023,9861,Mumbai
979,28-10-2023,3000,Sarajevo
980,09-09-2023,2038,Iqaluit
981,21-09-2023,5932,Simferopol
982,30-08-2023,9519,Bandar Seri Begawan
983,03-10-2023,7364,Nicosia
984,19-09-2023,8659,Yellowknife
985,08-10-2023,3167,Rosario
986,04-11-2023,9846,İzmir
987,22-09-2023,2194,New York City
988,08-11-2023,2193,Kiev
989,01-11-2023,5890,Boa Vista
990,31-10-2023,3067,Dushanbe
991,13-09-2023,4118,Ibiza
992,08-09-2023,2366,São José dos Campos
993,19-10-2023,5597,Ljubljana
994,30-09-2023,7467,Port Moresby
995,19-09-2023,6286,Alexandria
996,03-10-2023,9042,Kota Bharu
997,12-09-2023,7715,Port Said
998,27-10-2023,7803,Hamburg
999,20-09-2023,6587,Abu Dhabi
1000,23-10-2023,2423,Lanzhou
1001,04-11-2023,4487,Chişinău
1002,28-09-2023,6094,Malmö
1003,25-09-2023,2939,Yerevan
1004,13-10-2023,2398,Reykjavík
1005,08-09-2023,6776,Srinagar
1006,22-10-2023,5793,Innsbruck
1007,11-09-2023,4748,Pretoria
1008,30-08-2023,4016,Port Blair
1009,31-10-2023,2774,Roseau
1010,18-10-2023,3143,Zhengzhou
1011,06-10-2023,5611,Dalian
1012,11-09-2023,3767,The Hague
1013,02-11-2023,8730,Pago Pago
1014,13-09-2023,7467,Khartoum
1015,27-08-2023,8403,Seoul
1016,31-10-2023,9474,Chaguanas
1017,14-10-2023,7798,Monrovia
1018,26-09-2023,3987,Managua
1019,21-10-2023,6475,Pretoria
1020,09-10-2023,9128,Guangzhou
1021,16-09-2023,4459,Siem Reap
1022,29-08-2023,3059,Maceió
1023,25-09-2023,8640,Santo Domingo
1024,29-08-2023,8309,Blantyre
1025,05-10-2023,2672,Lhasa
1026,11-10-2023,7808,Nouméa
1027,17-09-2023,4233,Cologne
1028,07-09-2023,3807,Jeddah
1029,29-10-2023,9975,London
1030,02-10-2023,8374,Apia
1031,07-09-2023,6642,Perth
1032,28-08-2023,5114,Muscat
1033,29-10-2023,2477,Nuuk
1034,29-09-2023,4140,Cebu City
1035,01-11-2023,9356,San Salvador
1036,04-09-2023,9857,Nantes
1037,29-10-2023,4568,Copenhagen
1038,31-10-2023,9994,Mashhad
1039,09-10-2023,6727,Stepanakert
1040,13-10-2023,4729,Yokohama
1041,23-10-2023,9092,Jersey City
1042,06-09-2023,4592,Boa Vista
1043,02-11-2023,9380,Vientiane
1044,27-09-2023,6616,Mecca
1045,01-09-2023,2420,Mendoza
1046,23-10-2023,7427,Davao City
1047,01-11-2023,9270,Wellington
1048,13-10-2023,6257,Tokyo
1049,28-09-2023,5073,Bahía Blanca
1050,18-09-2023,9152,Cali
1051,25-09-2023,9197,Linz
1052,05-11-2023,4242,Miri
1053,27-10-2023,4451,Cairo
1054,05-10-2023,4600,San Carlos de Bariloche
1055,05-10-2023,4584,Ipoh
1056,14-10-2023,8336,Dresden
1057,23-10-2023,8975,Innsbruck
1058,31-08-2023,9564,Juneau
1059,14-09-2023,8335,Edinburgh
1060,07-10-2023,3977,Malacca Town
1061,26-10-2023,5482,Sana'a
1062,13-09-2023,5595,Nouméa
1063,22-09-2023,6282,Tirana
1064,03-11-2023,3236,Tegucigalpa
1065,03-10-2023,4163,Tallinn
1066,18-09-2023,9577,Jinan
1067,28-10-2023,9040,Sucre
1068,22-10-2023,8793,Lucknow
1069,03-11-2023,5651,Mata-Utu
1070,22-10-2023,6789,Bucharest
1071,11-10-2023,2933,George Town
1072,04-09-2023,5513,New Delhi
1073,11-09-2023,9185,Suva
1074,23-10-2023,4313,Tucson
1075,21-09-2023,9515,Maseru
1076,11-09-2023,3067,Yaren District
1077,16-09-2023,9647,Roseau
1078,06-11-2023,9367,Marrakech
1079,11-10-2023,9446,Alofi
1080,09-09-2023,7226,Pago Pago
1081,11-10-2023,4459,Denver
1082,22-10-2023,3201,Ottawa
1083,25-09-2023,6752,Asunción
1084,30-08-2023,8680,Sarajevo
1085,11-09-2023,3149,The Valley
1086,18-10-2023,7616,Kaohsiung
1087,07-09-2023,6359,Naypyidaw
1088,28-09-2023,6764,Jayapura
1089,01-10-2023,4948,Nukus
1090,10-10-2023,8724,Rockhampton
1091,12-09-2023,7437,Montevideo
1092,09-09-2023,9669,The Valley
1093,08-10-2023,6428,Magadan
1094,08-10-2023,5571,Shigatse
1095,31-08-2023,4664,Balikpapan
1096,22-10-2023,8602,Nuuk
1097,25-09-2023,3564,Port Louis
1098,27-10-2023,3720,Jamestown
1099,07-09-2023,3858,Vienna
